C:\Users\khair\Desktop\Self Driving Car\IMG\center_2020_03_20_11_58_02_539.jpg,C:\Users\khair\Desktop\Self Driving Car\IMG\left_2020_03_20_11_58_02_539.jpg,C:\Users\khair\Desktop\Self Driving Car\IMG\right_2020_03_20_11_58_02_539.jpg,0,0,0,5.20174E-05
C:\Users\khair\Desktop\Self Driving Car\IMG\center_2020_03_20_11_58_02_611.jpg,C:\Users\khair\Desktop\Self Driving Car\IMG\left_2020_03_20_11_58_02_611.jpg,C:\Users\khair\Desktop\Self Driving Car\IMG\right_2020_03_20_11_58_02_611.jpg,0,0,0,4.537556E-06
C:\Users\khair\Desktop\Self Driving Car\IMG\center_2020_03_20_11_58_02_685.jpg,C:\Users\khair\Desktop\Self Driving Car\IMG\left_2020_03_20_11_58_02_685.jpg,C:\Users\khair\Desktop\Self Driving Car\IMG\right_2020_03_20_11_58_02_685.jpg,0,0,0,1.172392E-05
C:\Users\khair\Desktop\Self Driving Car\IMG\center_2020_03_20_11_58_02_758.jpg,C:\Users\khair\Desktop\Self Driving Car\IMG\left_2020_03_20_11_58_02_758.jpg,C:\Users\khair\Desktop\Self Driving Car\IMG\right_2020_03_20_11_58_02_758.jpg,0,0,0,2.507403E-05
C:\Users\khair\Desktop\Self Driving Car\IMG\center_2020_03_20_11_58_02_832.jpg,C:\Users\khair\Desktop\Self Driving Car\IMG\left_2020_03_20_11_58_02_832.jpg,C:\Users\khair\Desktop\Self Driving Car\IMG\right_2020_03_20_11_58_02_832.jpg,0,0,0,0.0001224866
C:\Users\khair\Desktop\Self Driving Car\IMG\center_2020_03_20_11_58_02_906.jpg,C:\Users\khair\Desktop\Self Driving Car\IMG\left_2020_03_20_11_58_02_906.jpg,C:\Users\khair\Desktop\Self Driving Car\IMG\right_2020_03_20_11_58_02_906.jpg,0,0,0,0.0001399513
C:\Users\khair\Desktop\Self Driving Car\IMG\center_2020_03_20_11_58_02_980.jpg,C:\Users\khair\Desktop\Self Driving Car\IMG\left_2020_03_20_11_58_02_980.jpg,C:\Users\khair\Desktop\Self Driving Car\IMG\right_2020_03_20_11_58_02_980.jpg,0,0,0,0.0001632046
C:\Users\khair\Desktop\Self Driving Car\IMG\center_2020_03_20_11_58_03_055.jpg,C:\Users\khair\Desktop\Self Driving Car\IMG\left_2020_03_20_11_58_03_055.jpg,C:\Users\khair\Desktop\Self Driving Car\IMG\right_2020_03_20_11_58_03_055.jpg,0,0,0,0.0001859593
C:\Users\khair\Desktop\Self Driving Car\IMG\center_2020_03_20_11_58_03_128.jpg,C:\Users\khair\Desktop\Self Driving Car\IMG\left_2020_03_20_11_58_03_128.jpg,C:\Users\khair\Desktop\Self Driving Car\IMG\right_2020_03_20_11_58_03_128.jpg,0,0,0,0.0001516336
C:\Users\khair\Desktop\Self Driving Car\IMG\center_2020_03_20_11_58_03_202.jpg,C:\Users\khair\Desktop\Self Driving Car\IMG\left_2020_03_20_11_58_03_202.jpg,C:\Users\khair\Desktop\Self Driving Car\IMG\right_2020_03_20_11_58_03_202.jpg,0,0,0,0.0002186611
C:\Users\khair\Desktop\Self Driving Car\IMG\center_2020_03_20_11_58_03_276.jpg,C:\Users\khair\Desktop\Self Driving Car\IMG\left_2020_03_20_11_58_03_276.jpg,C:\Users\khair\Desktop\Self Driving Car\IMG\right_2020_03_20_11_58_03_276.jpg,0,0,0,5.895151E-05
C:\Users\khair\Desktop\Self Driving Car\IMG\center_2020_03_20_11_58_03_349.jpg,C:\Users\khair\Desktop\Self Driving Car\IMG\left_2020_03_20_11_58_03_349.jpg,C:\Users\khair\Desktop\Self Driving Car\IMG\right_2020_03_20_11_58_03_349.jpg,0,0,0,0.0002781739
C:\Users\khair\Desktop\Self Driving Car\IMG\center_2020_03_20_11_58_03_424.jpg,C:\Users\khair\Desktop\Self Driving Car\IMG\left_2020_03_20_11_58_03_424.jpg,C:\Users\khair\Desktop\Self Driving Car\IMG\right_2020_03_20_11_58_03_424.jpg,0,0,0,5.175178E-05
C:\Users\khair\Desktop\Self Driving Car\IMG\center_2020_03_20_11_58_03_497.jpg,C:\Users\khair\Desktop\Self Driving Car\IMG\left_2020_03_20_11_58_03_497.jpg,C:\Users\khair\Desktop\Self Driving Car\IMG\right_2020_03_20_11_58_03_497.jpg,0,0,0,6.890385E-05
C:\Users\khair\Desktop\Self Driving Car\IMG\center_2020_03_20_11_58_03_573.jpg,C:\Users\khair\Desktop\Self Driving Car\IMG\left_2020_03_20_11_58_03_573.jpg,C:\Users\khair\Desktop\Self Driving Car\IMG\right_2020_03_20_11_58_03_573.jpg,0,0,0,7.634421E-05
C:\Users\khair\Desktop\Self Driving Car\IMG\center_2020_03_20_11_58_03_645.jpg,C:\Users\khair\Desktop\Self Driving Car\IMG\left_2020_03_20_11_58_03_645.jpg,C:\Users\khair\Desktop\Self Driving Car\IMG\right_2020_03_20_11_58_03_645.jpg,0,0,0,9.53088E-05
C:\Users\khair\Desktop\Self Driving Car\IMG\center_2020_03_20_11_58_03_720.jpg,C:\Users\khair\Desktop\Self Driving Car\IMG\left_2020_03_20_11_58_03_720.jpg,C:\Users\khair\Desktop\Self Driving Car\IMG\right_2020_03_20_11_58_03_720.jpg,0,0,0,0.000117796
C:\Users\khair\Desktop\Self Driving Car\IMG\center_2020_03_20_11_58_03_794.jpg,C:\Users\khair\Desktop\Self Driving Car\IMG\left_2020_03_20_11_58_03_794.jpg,C:\Users\khair\Desktop\Self Driving Car\IMG\right_2020_03_20_11_58_03_794.jpg,0,0.1498263,0,0.06837097
C:\Users\khair\Desktop\Self Driving Car\IMG\center_2020_03_20_11_58_03_868.jpg,C:\Users\khair\Desktop\Self Driving Car\IMG\left_2020_03_20_11_58_03_868.jpg,C:\Users\khair\Desktop\Self Driving Car\IMG\right_2020_03_20_11_58_03_868.jpg,0,0.3722823,0,0.3165537
C:\Users\khair\Desktop\Self Driving Car\IMG\center_2020_03_20_11_58_03_941.jpg,C:\Users\khair\Desktop\Self Driving Car\IMG\left_2020_03_20_11_58_03_941.jpg,C:\Users\khair\Desktop\Self Driving Car\IMG\right_2020_03_20_11_58_03_941.jpg,0,0.5554776,0,0.646205
C:\Users\khair\Desktop\Self Driving Car\IMG\center_2020_03_20_11_58_04_015.jpg,C:\Users\khair\Desktop\Self Driving Car\IMG\left_2020_03_20_11_58_04_015.jpg,C:\Users\khair\Desktop\Self Driving Car\IMG\right_2020_03_20_11_58_04_015.jpg,0,0.8126475,0,1.36518
C:\Users\khair\Desktop\Self Driving Car\IMG\center_2020_03_20_11_58_04_090.jpg,C:\Users\khair\Desktop\Self Driving Car\IMG\left_2020_03_20_11_58_04_090.jpg,C:\Users\khair\Desktop\Self Driving Car\IMG\right_2020_03_20_11_58_04_090.jpg,0,1,0,2.25765
C:\Users\khair\Desktop\Self Driving Car\IMG\center_2020_03_20_11_58_04_163.jpg,C:\Users\khair\Desktop\Self Driving Car\IMG\left_2020_03_20_11_58_04_163.jpg,C:\Users\khair\Desktop\Self Driving Car\IMG\right_2020_03_20_11_58_04_163.jpg,0,1,0,2.963711
C:\Users\khair\Desktop\Self Driving Car\IMG\center_2020_03_20_11_58_04_238.jpg,C:\Users\khair\Desktop\Self Driving Car\IMG\left_2020_03_20_11_58_04_238.jpg,C:\Users\khair\Desktop\Self Driving Car\IMG\right_2020_03_20_11_58_04_238.jpg,0,1,0,3.900966
C:\Users\khair\Desktop\Self Driving Car\IMG\center_2020_03_20_11_58_04_309.jpg,C:\Users\khair\Desktop\Self Driving Car\IMG\left_2020_03_20_11_58_04_309.jpg,C:\Users\khair\Desktop\Self Driving Car\IMG\right_2020_03_20_11_58_04_309.jpg,0,1,0,4.835932
C:\Users\khair\Desktop\Self Driving Car\IMG\center_2020_03_20_11_58_04_383.jpg,C:\Users\khair\Desktop\Self Driving Car\IMG\left_2020_03_20_11_58_04_383.jpg,C:\Users\khair\Desktop\Self Driving Car\IMG\right_2020_03_20_11_58_04_383.jpg,0,1,0,5.531833
C:\Users\khair\Desktop\Self Driving Car\IMG\center_2020_03_20_11_58_04_458.jpg,C:\Users\khair\Desktop\Self Driving Car\IMG\left_2020_03_20_11_58_04_458.jpg,C:\Users\khair\Desktop\Self Driving Car\IMG\right_2020_03_20_11_58_04_458.jpg,0,1,0,6.453382
C:\Users\khair\Desktop\Self Driving Car\IMG\center_2020_03_20_11_58_04_532.jpg,C:\Users\khair\Desktop\Self Driving Car\IMG\left_2020_03_20_11_58_04_532.jpg,C:\Users\khair\Desktop\Self Driving Car\IMG\right_2020_03_20_11_58_04_532.jpg,0,1,0,7.367844
C:\Users\khair\Desktop\Self Driving Car\IMG\center_2020_03_20_11_58_04_605.jpg,C:\Users\khair\Desktop\Self Driving Car\IMG\left_2020_03_20_11_58_04_605.jpg,C:\Users\khair\Desktop\Self Driving Car\IMG\right_2020_03_20_11_58_04_605.jpg,0,1,0,8.049026
C:\Users\khair\Desktop\Self Driving Car\IMG\center_2020_03_20_11_58_04_679.jpg,C:\Users\khair\Desktop\Self Driving Car\IMG\left_2020_03_20_11_58_04_679.jpg,C:\Users\khair\Desktop\Self Driving Car\IMG\right_2020_03_20_11_58_04_679.jpg,0,1,0,8.950993
C:\Users\khair\Desktop\Self Driving Car\IMG\center_2020_03_20_11_58_04_755.jpg,C:\Users\khair\Desktop\Self Driving Car\IMG\left_2020_03_20_11_58_04_755.jpg,C:\Users\khair\Desktop\Self Driving Car\IMG\right_2020_03_20_11_58_04_755.jpg,0,1,0,9.846154
C:\Users\khair\Desktop\Self Driving Car\IMG\center_2020_03_20_11_58_04_828.jpg,C:\Users\khair\Desktop\Self Driving Car\IMG\left_2020_03_20_11_58_04_828.jpg,C:\Users\khair\Desktop\Self Driving Car\IMG\right_2020_03_20_11_58_04_828.jpg,0,1,0,10.73415
C:\Users\khair\Desktop\Self Driving Car\IMG\center_2020_03_20_11_58_04_904.jpg,C:\Users\khair\Desktop\Self Driving Car\IMG\left_2020_03_20_11_58_04_904.jpg,C:\Users\khair\Desktop\Self Driving Car\IMG\right_2020_03_20_11_58_04_904.jpg,0,1,0,11.39538
C:\Users\khair\Desktop\Self Driving Car\IMG\center_2020_03_20_11_58_04_978.jpg,C:\Users\khair\Desktop\Self Driving Car\IMG\left_2020_03_20_11_58_04_978.jpg,C:\Users\khair\Desktop\Self Driving Car\IMG\right_2020_03_20_11_58_04_978.jpg,0,1,0,12.0217
C:\Users\khair\Desktop\Self Driving Car\IMG\center_2020_03_20_11_58_05_054.jpg,C:\Users\khair\Desktop\Self Driving Car\IMG\left_2020_03_20_11_58_05_054.jpg,C:\Users\khair\Desktop\Self Driving Car\IMG\right_2020_03_20_11_58_05_054.jpg,0,1,0,13.16808
C:\Users\khair\Desktop\Self Driving Car\IMG\center_2020_03_20_11_58_05_127.jpg,C:\Users\khair\Desktop\Self Driving Car\IMG\left_2020_03_20_11_58_05_127.jpg,C:\Users\khair\Desktop\Self Driving Car\IMG\right_2020_03_20_11_58_05_127.jpg,0,1,0,13.93605
C:\Users\khair\Desktop\Self Driving Car\IMG\center_2020_03_20_11_58_05_203.jpg,C:\Users\khair\Desktop\Self Driving Car\IMG\left_2020_03_20_11_58_05_203.jpg,C:\Users\khair\Desktop\Self Driving Car\IMG\right_2020_03_20_11_58_05_203.jpg,0,1,0,14.77811
C:\Users\khair\Desktop\Self Driving Car\IMG\center_2020_03_20_11_58_05_276.jpg,C:\Users\khair\Desktop\Self Driving Car\IMG\left_2020_03_20_11_58_05_276.jpg,C:\Users\khair\Desktop\Self Driving Car\IMG\right_2020_03_20_11_58_05_276.jpg,0,1,0,15.61922
C:\Users\khair\Desktop\Self Driving Car\IMG\center_2020_03_20_11_58_05_349.jpg,C:\Users\khair\Desktop\Self Driving Car\IMG\left_2020_03_20_11_58_05_349.jpg,C:\Users\khair\Desktop\Self Driving Car\IMG\right_2020_03_20_11_58_05_349.jpg,0,1,0,16.45354
C:\Users\khair\Desktop\Self Driving Car\IMG\center_2020_03_20_11_58_05_422.jpg,C:\Users\khair\Desktop\Self Driving Car\IMG\left_2020_03_20_11_58_05_422.jpg,C:\Users\khair\Desktop\Self Driving Car\IMG\right_2020_03_20_11_58_05_422.jpg,0,1,0,16.84807
C:\Users\khair\Desktop\Self Driving Car\IMG\center_2020_03_20_11_58_05_495.jpg,C:\Users\khair\Desktop\Self Driving Car\IMG\left_2020_03_20_11_58_05_495.jpg,C:\Users\khair\Desktop\Self Driving Car\IMG\right_2020_03_20_11_58_05_495.jpg,0,1,0,17.69721
C:\Users\khair\Desktop\Self Driving Car\IMG\center_2020_03_20_11_58_05_570.jpg,C:\Users\khair\Desktop\Self Driving Car\IMG\left_2020_03_20_11_58_05_570.jpg,C:\Users\khair\Desktop\Self Driving Car\IMG\right_2020_03_20_11_58_05_570.jpg,0,0.8149405,0,18.45199
C:\Users\khair\Desktop\Self Driving Car\IMG\center_2020_03_20_11_58_05_643.jpg,C:\Users\khair\Desktop\Self Driving Car\IMG\left_2020_03_20_11_58_05_643.jpg,C:\Users\khair\Desktop\Self Driving Car\IMG\right_2020_03_20_11_58_05_643.jpg,0,0.6335323,0,19.06254
C:\Users\khair\Desktop\Self Driving Car\IMG\center_2020_03_20_11_58_05_716.jpg,C:\Users\khair\Desktop\Self Driving Car\IMG\left_2020_03_20_11_58_05_716.jpg,C:\Users\khair\Desktop\Self Driving Car\IMG\right_2020_03_20_11_58_05_716.jpg,0,0.3777426,0,19.42373
C:\Users\khair\Desktop\Self Driving Car\IMG\center_2020_03_20_11_58_05_789.jpg,C:\Users\khair\Desktop\Self Driving Car\IMG\left_2020_03_20_11_58_05_789.jpg,C:\Users\khair\Desktop\Self Driving Car\IMG\right_2020_03_20_11_58_05_789.jpg,0,0.1592949,0,19.54416
C:\Users\khair\Desktop\Self Driving Car\IMG\center_2020_03_20_11_58_05_862.jpg,C:\Users\khair\Desktop\Self Driving Car\IMG\left_2020_03_20_11_58_05_862.jpg,C:\Users\khair\Desktop\Self Driving Car\IMG\right_2020_03_20_11_58_05_862.jpg,0,0,0,19.12701
C:\Users\khair\Desktop\Self Driving Car\IMG\center_2020_03_20_11_58_05_935.jpg,C:\Users\khair\Desktop\Self Driving Car\IMG\left_2020_03_20_11_58_05_935.jpg,C:\Users\khair\Desktop\Self Driving Car\IMG\right_2020_03_20_11_58_05_935.jpg,0,0,0,18.95424
C:\Users\khair\Desktop\Self Driving Car\IMG\center_2020_03_20_11_58_06_007.jpg,C:\Users\khair\Desktop\Self Driving Car\IMG\left_2020_03_20_11_58_06_007.jpg,C:\Users\khair\Desktop\Self Driving Car\IMG\right_2020_03_20_11_58_06_007.jpg,0,0,0,18.77903
C:\Users\khair\Desktop\Self Driving Car\IMG\center_2020_03_20_11_58_06_079.jpg,C:\Users\khair\Desktop\Self Driving Car\IMG\left_2020_03_20_11_58_06_079.jpg,C:\Users\khair\Desktop\Self Driving Car\IMG\right_2020_03_20_11_58_06_079.jpg,0,0,0,19.1
C:\Users\khair\Desktop\Self Driving Car\IMG\center_2020_03_20_11_58_06_153.jpg,C:\Users\khair\Desktop\Self Driving Car\IMG\left_2020_03_20_11_58_06_153.jpg,C:\Users\khair\Desktop\Self Driving Car\IMG\right_2020_03_20_11_58_06_153.jpg,0,0,0,18.95664
C:\Users\khair\Desktop\Self Driving Car\IMG\center_2020_03_20_11_58_06_225.jpg,C:\Users\khair\Desktop\Self Driving Car\IMG\left_2020_03_20_11_58_06_225.jpg,C:\Users\khair\Desktop\Self Driving Car\IMG\right_2020_03_20_11_58_06_225.jpg,0,0,0,18.3607
C:\Users\khair\Desktop\Self Driving Car\IMG\center_2020_03_20_11_58_06_297.jpg,C:\Users\khair\Desktop\Self Driving Car\IMG\left_2020_03_20_11_58_06_297.jpg,C:\Users\khair\Desktop\Self Driving Car\IMG\right_2020_03_20_11_58_06_297.jpg,0,0,0,18.20528
C:\Users\khair\Desktop\Self Driving Car\IMG\center_2020_03_20_11_58_06_371.jpg,C:\Users\khair\Desktop\Self Driving Car\IMG\left_2020_03_20_11_58_06_371.jpg,C:\Users\khair\Desktop\Self Driving Car\IMG\right_2020_03_20_11_58_06_371.jpg,0.15,0,0,18.04928
C:\Users\khair\Desktop\Self Driving Car\IMG\center_2020_03_20_11_58_06_443.jpg,C:\Users\khair\Desktop\Self Driving Car\IMG\left_2020_03_20_11_58_06_443.jpg,C:\Users\khair\Desktop\Self Driving Car\IMG\right_2020_03_20_11_58_06_443.jpg,0.3,0,0,18.39354
C:\Users\khair\Desktop\Self Driving Car\IMG\center_2020_03_20_11_58_06_517.jpg,C:\Users\khair\Desktop\Self Driving Car\IMG\left_2020_03_20_11_58_06_517.jpg,C:\Users\khair\Desktop\Self Driving Car\IMG\right_2020_03_20_11_58_06_517.jpg,0.5000001,0,0,17.62724
C:\Users\khair\Desktop\Self Driving Car\IMG\center_2020_03_20_11_58_06_591.jpg,C:\Users\khair\Desktop\Self Driving Car\IMG\left_2020_03_20_11_58_06_591.jpg,C:\Users\khair\Desktop\Self Driving Car\IMG\right_2020_03_20_11_58_06_591.jpg,0,0,0,17.40003
C:\Users\khair\Desktop\Self Driving Car\IMG\center_2020_03_20_11_58_06_664.jpg,C:\Users\khair\Desktop\Self Driving Car\IMG\left_2020_03_20_11_58_06_664.jpg,C:\Users\khair\Desktop\Self Driving Car\IMG\right_2020_03_20_11_58_06_664.jpg,0,0,0,17.01147
C:\Users\khair\Desktop\Self Driving Car\IMG\center_2020_03_20_11_58_06_738.jpg,C:\Users\khair\Desktop\Self Driving Car\IMG\left_2020_03_20_11_58_06_738.jpg,C:\Users\khair\Desktop\Self Driving Car\IMG\right_2020_03_20_11_58_06_738.jpg,0,0,0,16.70541
C:\Users\khair\Desktop\Self Driving Car\IMG\center_2020_03_20_11_58_06_813.jpg,C:\Users\khair\Desktop\Self Driving Car\IMG\left_2020_03_20_11_58_06_813.jpg,C:\Users\khair\Desktop\Self Driving Car\IMG\right_2020_03_20_11_58_06_813.jpg,0.1,0,0,15.76583
C:\Users\khair\Desktop\Self Driving Car\IMG\center_2020_03_20_11_58_06_889.jpg,C:\Users\khair\Desktop\Self Driving Car\IMG\left_2020_03_20_11_58_06_889.jpg,C:\Users\khair\Desktop\Self Driving Car\IMG\right_2020_03_20_11_58_06_889.jpg,0.3,0,0,15.18017
C:\Users\khair\Desktop\Self Driving Car\IMG\center_2020_03_20_11_58_06_962.jpg,C:\Users\khair\Desktop\Self Driving Car\IMG\left_2020_03_20_11_58_06_962.jpg,C:\Users\khair\Desktop\Self Driving Car\IMG\right_2020_03_20_11_58_06_962.jpg,0.45,0,0,15.02831
C:\Users\khair\Desktop\Self Driving Car\IMG\center_2020_03_20_11_58_07_037.jpg,C:\Users\khair\Desktop\Self Driving Car\IMG\left_2020_03_20_11_58_07_037.jpg,C:\Users\khair\Desktop\Self Driving Car\IMG\right_2020_03_20_11_58_07_037.jpg,0.6500001,0,0,14.5591
C:\Users\khair\Desktop\Self Driving Car\IMG\center_2020_03_20_11_58_07_110.jpg,C:\Users\khair\Desktop\Self Driving Car\IMG\left_2020_03_20_11_58_07_110.jpg,C:\Users\khair\Desktop\Self Driving Car\IMG\right_2020_03_20_11_58_07_110.jpg,0.8500001,0,0,13.64955
C:\Users\khair\Desktop\Self Driving Car\IMG\center_2020_03_20_11_58_07_185.jpg,C:\Users\khair\Desktop\Self Driving Car\IMG\left_2020_03_20_11_58_07_185.jpg,C:\Users\khair\Desktop\Self Driving Car\IMG\right_2020_03_20_11_58_07_185.jpg,1,0,0,12.4223
C:\Users\khair\Desktop\Self Driving Car\IMG\center_2020_03_20_11_58_07_259.jpg,C:\Users\khair\Desktop\Self Driving Car\IMG\left_2020_03_20_11_58_07_259.jpg,C:\Users\khair\Desktop\Self Driving Car\IMG\right_2020_03_20_11_58_07_259.jpg,1,0,0,11.86171
C:\Users\khair\Desktop\Self Driving Car\IMG\center_2020_03_20_11_58_07_334.jpg,C:\Users\khair\Desktop\Self Driving Car\IMG\left_2020_03_20_11_58_07_334.jpg,C:\Users\khair\Desktop\Self Driving Car\IMG\right_2020_03_20_11_58_07_334.jpg,0,0,0,11.18059
C:\Users\khair\Desktop\Self Driving Car\IMG\center_2020_03_20_11_58_07_408.jpg,C:\Users\khair\Desktop\Self Driving Car\IMG\left_2020_03_20_11_58_07_408.jpg,C:\Users\khair\Desktop\Self Driving Car\IMG\right_2020_03_20_11_58_07_408.jpg,0,0,0,10.54921
C:\Users\khair\Desktop\Self Driving Car\IMG\center_2020_03_20_11_58_07_483.jpg,C:\Users\khair\Desktop\Self Driving Car\IMG\left_2020_03_20_11_58_07_483.jpg,C:\Users\khair\Desktop\Self Driving Car\IMG\right_2020_03_20_11_58_07_483.jpg,0,0,0,10.10059
C:\Users\khair\Desktop\Self Driving Car\IMG\center_2020_03_20_11_58_07_559.jpg,C:\Users\khair\Desktop\Self Driving Car\IMG\left_2020_03_20_11_58_07_559.jpg,C:\Users\khair\Desktop\Self Driving Car\IMG\right_2020_03_20_11_58_07_559.jpg,0,0,0,9.590363
C:\Users\khair\Desktop\Self Driving Car\IMG\center_2020_03_20_11_58_07_637.jpg,C:\Users\khair\Desktop\Self Driving Car\IMG\left_2020_03_20_11_58_07_637.jpg,C:\Users\khair\Desktop\Self Driving Car\IMG\right_2020_03_20_11_58_07_637.jpg,0,0,0,9.048912
C:\Users\khair\Desktop\Self Driving Car\IMG\center_2020_03_20_11_58_07_711.jpg,C:\Users\khair\Desktop\Self Driving Car\IMG\left_2020_03_20_11_58_07_711.jpg,C:\Users\khair\Desktop\Self Driving Car\IMG\right_2020_03_20_11_58_07_711.jpg,0,0,0,8.434396
C:\Users\khair\Desktop\Self Driving Car\IMG\center_2020_03_20_11_58_07_789.jpg,C:\Users\khair\Desktop\Self Driving Car\IMG\left_2020_03_20_11_58_07_789.jpg,C:\Users\khair\Desktop\Self Driving Car\IMG\right_2020_03_20_11_58_07_789.jpg,0.1,0,0,7.818631
C:\Users\khair\Desktop\Self Driving Car\IMG\center_2020_03_20_11_58_07_864.jpg,C:\Users\khair\Desktop\Self Driving Car\IMG\left_2020_03_20_11_58_07_864.jpg,C:\Users\khair\Desktop\Self Driving Car\IMG\right_2020_03_20_11_58_07_864.jpg,0.25,0,0,7.36891
C:\Users\khair\Desktop\Self Driving Car\IMG\center_2020_03_20_11_58_07_939.jpg,C:\Users\khair\Desktop\Self Driving Car\IMG\left_2020_03_20_11_58_07_939.jpg,C:\Users\khair\Desktop\Self Driving Car\IMG\right_2020_03_20_11_58_07_939.jpg,0.45,0,0,6.797607
C:\Users\khair\Desktop\Self Driving Car\IMG\center_2020_03_20_11_58_08_015.jpg,C:\Users\khair\Desktop\Self Driving Car\IMG\left_2020_03_20_11_58_08_015.jpg,C:\Users\khair\Desktop\Self Driving Car\IMG\right_2020_03_20_11_58_08_015.jpg,0.6500001,0,0,6.225611
C:\Users\khair\Desktop\Self Driving Car\IMG\center_2020_03_20_11_58_08_092.jpg,C:\Users\khair\Desktop\Self Driving Car\IMG\left_2020_03_20_11_58_08_092.jpg,C:\Users\khair\Desktop\Self Driving Car\IMG\right_2020_03_20_11_58_08_092.jpg,0.8500001,0.1521249,0,5.726805
C:\Users\khair\Desktop\Self Driving Car\IMG\center_2020_03_20_11_58_08_168.jpg,C:\Users\khair\Desktop\Self Driving Car\IMG\left_2020_03_20_11_58_08_168.jpg,C:\Users\khair\Desktop\Self Driving Car\IMG\right_2020_03_20_11_58_08_168.jpg,1,0.3806466,0,5.462793
C:\Users\khair\Desktop\Self Driving Car\IMG\center_2020_03_20_11_58_08_244.jpg,C:\Users\khair\Desktop\Self Driving Car\IMG\left_2020_03_20_11_58_08_244.jpg,C:\Users\khair\Desktop\Self Driving Car\IMG\right_2020_03_20_11_58_08_244.jpg,1,0.5716559,0,5.448016
C:\Users\khair\Desktop\Self Driving Car\IMG\center_2020_03_20_11_58_08_320.jpg,C:\Users\khair\Desktop\Self Driving Car\IMG\left_2020_03_20_11_58_08_320.jpg,C:\Users\khair\Desktop\Self Driving Car\IMG\right_2020_03_20_11_58_08_320.jpg,1,0.7220995,0,5.618952
C:\Users\khair\Desktop\Self Driving Car\IMG\center_2020_03_20_11_58_08_397.jpg,C:\Users\khair\Desktop\Self Driving Car\IMG\left_2020_03_20_11_58_08_397.jpg,C:\Users\khair\Desktop\Self Driving Car\IMG\right_2020_03_20_11_58_08_397.jpg,0,0.4542412,0,5.544409
C:\Users\khair\Desktop\Self Driving Car\IMG\center_2020_03_20_11_58_08_474.jpg,C:\Users\khair\Desktop\Self Driving Car\IMG\left_2020_03_20_11_58_08_474.jpg,C:\Users\khair\Desktop\Self Driving Car\IMG\right_2020_03_20_11_58_08_474.jpg,0,0.2250316,0,5.379389
C:\Users\khair\Desktop\Self Driving Car\IMG\center_2020_03_20_11_58_08_551.jpg,C:\Users\khair\Desktop\Self Driving Car\IMG\left_2020_03_20_11_58_08_551.jpg,C:\Users\khair\Desktop\Self Driving Car\IMG\right_2020_03_20_11_58_08_551.jpg,0,0.06511303,0,5.005189
C:\Users\khair\Desktop\Self Driving Car\IMG\center_2020_03_20_11_58_08_626.jpg,C:\Users\khair\Desktop\Self Driving Car\IMG\left_2020_03_20_11_58_08_626.jpg,C:\Users\khair\Desktop\Self Driving Car\IMG\right_2020_03_20_11_58_08_626.jpg,0,0.2559484,0,4.771356
C:\Users\khair\Desktop\Self Driving Car\IMG\center_2020_03_20_11_58_08_703.jpg,C:\Users\khair\Desktop\Self Driving Car\IMG\left_2020_03_20_11_58_08_703.jpg,C:\Users\khair\Desktop\Self Driving Car\IMG\right_2020_03_20_11_58_08_703.jpg,0,0.4832306,0,4.6648
C:\Users\khair\Desktop\Self Driving Car\IMG\center_2020_03_20_11_58_08_778.jpg,C:\Users\khair\Desktop\Self Driving Car\IMG\left_2020_03_20_11_58_08_778.jpg,C:\Users\khair\Desktop\Self Driving Car\IMG\right_2020_03_20_11_58_08_778.jpg,0,0.7499506,0,4.781668
C:\Users\khair\Desktop\Self Driving Car\IMG\center_2020_03_20_11_58_08_856.jpg,C:\Users\khair\Desktop\Self Driving Car\IMG\left_2020_03_20_11_58_08_856.jpg,C:\Users\khair\Desktop\Self Driving Car\IMG\right_2020_03_20_11_58_08_856.jpg,0.05,0.97979,0,5.124073
C:\Users\khair\Desktop\Self Driving Car\IMG\center_2020_03_20_11_58_08_932.jpg,C:\Users\khair\Desktop\Self Driving Car\IMG\left_2020_03_20_11_58_08_932.jpg,C:\Users\khair\Desktop\Self Driving Car\IMG\right_2020_03_20_11_58_08_932.jpg,0.25,1,0,5.579597
C:\Users\khair\Desktop\Self Driving Car\IMG\center_2020_03_20_11_58_09_008.jpg,C:\Users\khair\Desktop\Self Driving Car\IMG\left_2020_03_20_11_58_09_008.jpg,C:\Users\khair\Desktop\Self Driving Car\IMG\right_2020_03_20_11_58_09_008.jpg,0.45,1,0,6.020612
C:\Users\khair\Desktop\Self Driving Car\IMG\center_2020_03_20_11_58_09_086.jpg,C:\Users\khair\Desktop\Self Driving Car\IMG\left_2020_03_20_11_58_09_086.jpg,C:\Users\khair\Desktop\Self Driving Car\IMG\right_2020_03_20_11_58_09_086.jpg,0.6000001,1,0,6.33602
C:\Users\khair\Desktop\Self Driving Car\IMG\center_2020_03_20_11_58_09_162.jpg,C:\Users\khair\Desktop\Self Driving Car\IMG\left_2020_03_20_11_58_09_162.jpg,C:\Users\khair\Desktop\Self Driving Car\IMG\right_2020_03_20_11_58_09_162.jpg,0.8000001,1,0,6.735097
C:\Users\khair\Desktop\Self Driving Car\IMG\center_2020_03_20_11_58_09_238.jpg,C:\Users\khair\Desktop\Self Driving Car\IMG\left_2020_03_20_11_58_09_238.jpg,C:\Users\khair\Desktop\Self Driving Car\IMG\right_2020_03_20_11_58_09_238.jpg,0,1,0,7.094268
C:\Users\khair\Desktop\Self Driving Car\IMG\center_2020_03_20_11_58_09_316.jpg,C:\Users\khair\Desktop\Self Driving Car\IMG\left_2020_03_20_11_58_09_316.jpg,C:\Users\khair\Desktop\Self Driving Car\IMG\right_2020_03_20_11_58_09_316.jpg,0,1,0,7.549887
C:\Users\khair\Desktop\Self Driving Car\IMG\center_2020_03_20_11_58_09_393.jpg,C:\Users\khair\Desktop\Self Driving Car\IMG\left_2020_03_20_11_58_09_393.jpg,C:\Users\khair\Desktop\Self Driving Car\IMG\right_2020_03_20_11_58_09_393.jpg,0,1,0,8.013817
C:\Users\khair\Desktop\Self Driving Car\IMG\center_2020_03_20_11_58_09_471.jpg,C:\Users\khair\Desktop\Self Driving Car\IMG\left_2020_03_20_11_58_09_471.jpg,C:\Users\khair\Desktop\Self Driving Car\IMG\right_2020_03_20_11_58_09_471.jpg,0,1,0,8.474037
C:\Users\khair\Desktop\Self Driving Car\IMG\center_2020_03_20_11_58_09_549.jpg,C:\Users\khair\Desktop\Self Driving Car\IMG\left_2020_03_20_11_58_09_549.jpg,C:\Users\khair\Desktop\Self Driving Car\IMG\right_2020_03_20_11_58_09_549.jpg,0,1,0,8.930787
C:\Users\khair\Desktop\Self Driving Car\IMG\center_2020_03_20_11_58_09_625.jpg,C:\Users\khair\Desktop\Self Driving Car\IMG\left_2020_03_20_11_58_09_625.jpg,C:\Users\khair\Desktop\Self Driving Car\IMG\right_2020_03_20_11_58_09_625.jpg,0,1,0,9.272362
C:\Users\khair\Desktop\Self Driving Car\IMG\center_2020_03_20_11_58_09_702.jpg,C:\Users\khair\Desktop\Self Driving Car\IMG\left_2020_03_20_11_58_09_702.jpg,C:\Users\khair\Desktop\Self Driving Car\IMG\right_2020_03_20_11_58_09_702.jpg,0,1,0,9.748416
C:\Users\khair\Desktop\Self Driving Car\IMG\center_2020_03_20_11_58_09_778.jpg,C:\Users\khair\Desktop\Self Driving Car\IMG\left_2020_03_20_11_58_09_778.jpg,C:\Users\khair\Desktop\Self Driving Car\IMG\right_2020_03_20_11_58_09_778.jpg,0,1,0,10.20414
C:\Users\khair\Desktop\Self Driving Car\IMG\center_2020_03_20_11_58_09_856.jpg,C:\Users\khair\Desktop\Self Driving Car\IMG\left_2020_03_20_11_58_09_856.jpg,C:\Users\khair\Desktop\Self Driving Car\IMG\right_2020_03_20_11_58_09_856.jpg,0,1,0,10.64592
C:\Users\khair\Desktop\Self Driving Car\IMG\center_2020_03_20_11_58_09_932.jpg,C:\Users\khair\Desktop\Self Driving Car\IMG\left_2020_03_20_11_58_09_932.jpg,C:\Users\khair\Desktop\Self Driving Car\IMG\right_2020_03_20_11_58_09_932.jpg,0,0.769915,0,10.95262
C:\Users\khair\Desktop\Self Driving Car\IMG\center_2020_03_20_11_58_10_009.jpg,C:\Users\khair\Desktop\Self Driving Car\IMG\left_2020_03_20_11_58_10_009.jpg,C:\Users\khair\Desktop\Self Driving Car\IMG\right_2020_03_20_11_58_10_009.jpg,0,0.5401438,0,10.84507
C:\Users\khair\Desktop\Self Driving Car\IMG\center_2020_03_20_11_58_10_086.jpg,C:\Users\khair\Desktop\Self Driving Car\IMG\left_2020_03_20_11_58_10_086.jpg,C:\Users\khair\Desktop\Self Driving Car\IMG\right_2020_03_20_11_58_10_086.jpg,0,0.3478594,0,10.72476
C:\Users\khair\Desktop\Self Driving Car\IMG\center_2020_03_20_11_58_10_163.jpg,C:\Users\khair\Desktop\Self Driving Car\IMG\left_2020_03_20_11_58_10_163.jpg,C:\Users\khair\Desktop\Self Driving Car\IMG\right_2020_03_20_11_58_10_163.jpg,0,0.1182889,0,10.57622
C:\Users\khair\Desktop\Self Driving Car\IMG\center_2020_03_20_11_58_10_240.jpg,C:\Users\khair\Desktop\Self Driving Car\IMG\left_2020_03_20_11_58_10_240.jpg,C:\Users\khair\Desktop\Self Driving Car\IMG\right_2020_03_20_11_58_10_240.jpg,0,0,0,10.04019
C:\Users\khair\Desktop\Self Driving Car\IMG\center_2020_03_20_11_58_10_318.jpg,C:\Users\khair\Desktop\Self Driving Car\IMG\left_2020_03_20_11_58_10_318.jpg,C:\Users\khair\Desktop\Self Driving Car\IMG\right_2020_03_20_11_58_10_318.jpg,0,0,0,9.509313
C:\Users\khair\Desktop\Self Driving Car\IMG\center_2020_03_20_11_58_10_394.jpg,C:\Users\khair\Desktop\Self Driving Car\IMG\left_2020_03_20_11_58_10_394.jpg,C:\Users\khair\Desktop\Self Driving Car\IMG\right_2020_03_20_11_58_10_394.jpg,0,0,0,9.01556
C:\Users\khair\Desktop\Self Driving Car\IMG\center_2020_03_20_11_58_10_472.jpg,C:\Users\khair\Desktop\Self Driving Car\IMG\left_2020_03_20_11_58_10_472.jpg,C:\Users\khair\Desktop\Self Driving Car\IMG\right_2020_03_20_11_58_10_472.jpg,0,0,0,8.588046
C:\Users\khair\Desktop\Self Driving Car\IMG\center_2020_03_20_11_58_10_548.jpg,C:\Users\khair\Desktop\Self Driving Car\IMG\left_2020_03_20_11_58_10_548.jpg,C:\Users\khair\Desktop\Self Driving Car\IMG\right_2020_03_20_11_58_10_548.jpg,-0.1,0,0,8.187193
C:\Users\khair\Desktop\Self Driving Car\IMG\center_2020_03_20_11_58_10_625.jpg,C:\Users\khair\Desktop\Self Driving Car\IMG\left_2020_03_20_11_58_10_625.jpg,C:\Users\khair\Desktop\Self Driving Car\IMG\right_2020_03_20_11_58_10_625.jpg,-0.25,0,0,7.871625
C:\Users\khair\Desktop\Self Driving Car\IMG\center_2020_03_20_11_58_10_702.jpg,C:\Users\khair\Desktop\Self Driving Car\IMG\left_2020_03_20_11_58_10_702.jpg,C:\Users\khair\Desktop\Self Driving Car\IMG\right_2020_03_20_11_58_10_702.jpg,-0.45,0,0,7.433409
C:\Users\khair\Desktop\Self Driving Car\IMG\center_2020_03_20_11_58_10_778.jpg,C:\Users\khair\Desktop\Self Driving Car\IMG\left_2020_03_20_11_58_10_778.jpg,C:\Users\khair\Desktop\Self Driving Car\IMG\right_2020_03_20_11_58_10_778.jpg,-0.6500001,0,0,6.947761
C:\Users\khair\Desktop\Self Driving Car\IMG\center_2020_03_20_11_58_10_855.jpg,C:\Users\khair\Desktop\Self Driving Car\IMG\left_2020_03_20_11_58_10_855.jpg,C:\Users\khair\Desktop\Self Driving Car\IMG\right_2020_03_20_11_58_10_855.jpg,-0.8500001,0,0,6.451205
C:\Users\khair\Desktop\Self Driving Car\IMG\center_2020_03_20_11_58_10_931.jpg,C:\Users\khair\Desktop\Self Driving Car\IMG\left_2020_03_20_11_58_10_931.jpg,C:\Users\khair\Desktop\Self Driving Car\IMG\right_2020_03_20_11_58_10_931.jpg,0,0,0,5.914785
C:\Users\khair\Desktop\Self Driving Car\IMG\center_2020_03_20_11_58_11_007.jpg,C:\Users\khair\Desktop\Self Driving Car\IMG\left_2020_03_20_11_58_11_007.jpg,C:\Users\khair\Desktop\Self Driving Car\IMG\right_2020_03_20_11_58_11_007.jpg,0,0,0,5.481469
C:\Users\khair\Desktop\Self Driving Car\IMG\center_2020_03_20_11_58_11_084.jpg,C:\Users\khair\Desktop\Self Driving Car\IMG\left_2020_03_20_11_58_11_084.jpg,C:\Users\khair\Desktop\Self Driving Car\IMG\right_2020_03_20_11_58_11_084.jpg,0,0,0,5.16424
C:\Users\khair\Desktop\Self Driving Car\IMG\center_2020_03_20_11_58_11_160.jpg,C:\Users\khair\Desktop\Self Driving Car\IMG\left_2020_03_20_11_58_11_160.jpg,C:\Users\khair\Desktop\Self Driving Car\IMG\right_2020_03_20_11_58_11_160.jpg,0,0,0,4.740302
C:\Users\khair\Desktop\Self Driving Car\IMG\center_2020_03_20_11_58_11_237.jpg,C:\Users\khair\Desktop\Self Driving Car\IMG\left_2020_03_20_11_58_11_237.jpg,C:\Users\khair\Desktop\Self Driving Car\IMG\right_2020_03_20_11_58_11_237.jpg,-0.2,0,0,4.298906
C:\Users\khair\Desktop\Self Driving Car\IMG\center_2020_03_20_11_58_11_313.jpg,C:\Users\khair\Desktop\Self Driving Car\IMG\left_2020_03_20_11_58_11_313.jpg,C:\Users\khair\Desktop\Self Driving Car\IMG\right_2020_03_20_11_58_11_313.jpg,-0.4,0,0,3.846904
C:\Users\khair\Desktop\Self Driving Car\IMG\center_2020_03_20_11_58_11_388.jpg,C:\Users\khair\Desktop\Self Driving Car\IMG\left_2020_03_20_11_58_11_388.jpg,C:\Users\khair\Desktop\Self Driving Car\IMG\right_2020_03_20_11_58_11_388.jpg,-0.6000001,0.1894467,0,3.530446
C:\Users\khair\Desktop\Self Driving Car\IMG\center_2020_03_20_11_58_11_463.jpg,C:\Users\khair\Desktop\Self Driving Car\IMG\left_2020_03_20_11_58_11_463.jpg,C:\Users\khair\Desktop\Self Driving Car\IMG\right_2020_03_20_11_58_11_463.jpg,-0.7500002,0.3785784,0,3.506364
C:\Users\khair\Desktop\Self Driving Car\IMG\center_2020_03_20_11_58_11_539.jpg,C:\Users\khair\Desktop\Self Driving Car\IMG\left_2020_03_20_11_58_11_539.jpg,C:\Users\khair\Desktop\Self Driving Car\IMG\right_2020_03_20_11_58_11_539.jpg,0,0.6131452,0,3.71405
C:\Users\khair\Desktop\Self Driving Car\IMG\center_2020_03_20_11_58_11_614.jpg,C:\Users\khair\Desktop\Self Driving Car\IMG\left_2020_03_20_11_58_11_614.jpg,C:\Users\khair\Desktop\Self Driving Car\IMG\right_2020_03_20_11_58_11_614.jpg,0,0.870298,0,4.176708
C:\Users\khair\Desktop\Self Driving Car\IMG\center_2020_03_20_11_58_11_691.jpg,C:\Users\khair\Desktop\Self Driving Car\IMG\left_2020_03_20_11_58_11_691.jpg,C:\Users\khair\Desktop\Self Driving Car\IMG\right_2020_03_20_11_58_11_691.jpg,0,1,0,4.831244
C:\Users\khair\Desktop\Self Driving Car\IMG\center_2020_03_20_11_58_11_765.jpg,C:\Users\khair\Desktop\Self Driving Car\IMG\left_2020_03_20_11_58_11_765.jpg,C:\Users\khair\Desktop\Self Driving Car\IMG\right_2020_03_20_11_58_11_765.jpg,0,0.9222772,0,5.323363
C:\Users\khair\Desktop\Self Driving Car\IMG\center_2020_03_20_11_58_11_841.jpg,C:\Users\khair\Desktop\Self Driving Car\IMG\left_2020_03_20_11_58_11_841.jpg,C:\Users\khair\Desktop\Self Driving Car\IMG\right_2020_03_20_11_58_11_841.jpg,0,0.6977988,0,5.790225
C:\Users\khair\Desktop\Self Driving Car\IMG\center_2020_03_20_11_58_11_918.jpg,C:\Users\khair\Desktop\Self Driving Car\IMG\left_2020_03_20_11_58_11_918.jpg,C:\Users\khair\Desktop\Self Driving Car\IMG\right_2020_03_20_11_58_11_918.jpg,0,0.5856076,0,6.10544
C:\Users\khair\Desktop\Self Driving Car\IMG\center_2020_03_20_11_58_11_992.jpg,C:\Users\khair\Desktop\Self Driving Car\IMG\left_2020_03_20_11_58_11_992.jpg,C:\Users\khair\Desktop\Self Driving Car\IMG\right_2020_03_20_11_58_11_992.jpg,0,0.8105204,0,6.537954
C:\Users\khair\Desktop\Self Driving Car\IMG\center_2020_03_20_11_58_12_068.jpg,C:\Users\khair\Desktop\Self Driving Car\IMG\left_2020_03_20_11_58_12_068.jpg,C:\Users\khair\Desktop\Self Driving Car\IMG\right_2020_03_20_11_58_12_068.jpg,0,1,0,7.193244
C:\Users\khair\Desktop\Self Driving Car\IMG\center_2020_03_20_11_58_12_143.jpg,C:\Users\khair\Desktop\Self Driving Car\IMG\left_2020_03_20_11_58_12_143.jpg,C:\Users\khair\Desktop\Self Driving Car\IMG\right_2020_03_20_11_58_12_143.jpg,0,1,0,7.723841
C:\Users\khair\Desktop\Self Driving Car\IMG\center_2020_03_20_11_58_12_218.jpg,C:\Users\khair\Desktop\Self Driving Car\IMG\left_2020_03_20_11_58_12_218.jpg,C:\Users\khair\Desktop\Self Driving Car\IMG\right_2020_03_20_11_58_12_218.jpg,0,1,0,8.437977
C:\Users\khair\Desktop\Self Driving Car\IMG\center_2020_03_20_11_58_12_294.jpg,C:\Users\khair\Desktop\Self Driving Car\IMG\left_2020_03_20_11_58_12_294.jpg,C:\Users\khair\Desktop\Self Driving Car\IMG\right_2020_03_20_11_58_12_294.jpg,-0.1,1,0,9.144824
C:\Users\khair\Desktop\Self Driving Car\IMG\center_2020_03_20_11_58_12_369.jpg,C:\Users\khair\Desktop\Self Driving Car\IMG\left_2020_03_20_11_58_12_369.jpg,C:\Users\khair\Desktop\Self Driving Car\IMG\right_2020_03_20_11_58_12_369.jpg,-0.3,0.8503048,0,9.771692
C:\Users\khair\Desktop\Self Driving Car\IMG\center_2020_03_20_11_58_12_442.jpg,C:\Users\khair\Desktop\Self Driving Car\IMG\left_2020_03_20_11_58_12_442.jpg,C:\Users\khair\Desktop\Self Driving Car\IMG\right_2020_03_20_11_58_12_442.jpg,-0.45,0.6657685,0,10.06734
C:\Users\khair\Desktop\Self Driving Car\IMG\center_2020_03_20_11_58_12_518.jpg,C:\Users\khair\Desktop\Self Driving Car\IMG\left_2020_03_20_11_58_12_518.jpg,C:\Users\khair\Desktop\Self Driving Car\IMG\right_2020_03_20_11_58_12_518.jpg,-0.6500001,0.405178,0,10.26095
C:\Users\khair\Desktop\Self Driving Car\IMG\center_2020_03_20_11_58_12_591.jpg,C:\Users\khair\Desktop\Self Driving Car\IMG\left_2020_03_20_11_58_12_591.jpg,C:\Users\khair\Desktop\Self Driving Car\IMG\right_2020_03_20_11_58_12_591.jpg,0,0.1854343,0,10.26354
C:\Users\khair\Desktop\Self Driving Car\IMG\center_2020_03_20_11_58_12_664.jpg,C:\Users\khair\Desktop\Self Driving Car\IMG\left_2020_03_20_11_58_12_664.jpg,C:\Users\khair\Desktop\Self Driving Car\IMG\right_2020_03_20_11_58_12_664.jpg,0,0,0,10.20432
C:\Users\khair\Desktop\Self Driving Car\IMG\center_2020_03_20_11_58_12_736.jpg,C:\Users\khair\Desktop\Self Driving Car\IMG\left_2020_03_20_11_58_12_736.jpg,C:\Users\khair\Desktop\Self Driving Car\IMG\right_2020_03_20_11_58_12_736.jpg,-0.2,0,0,10.03362
C:\Users\khair\Desktop\Self Driving Car\IMG\center_2020_03_20_11_58_12_809.jpg,C:\Users\khair\Desktop\Self Driving Car\IMG\left_2020_03_20_11_58_12_809.jpg,C:\Users\khair\Desktop\Self Driving Car\IMG\right_2020_03_20_11_58_12_809.jpg,-0.4,0,0,9.839491
C:\Users\khair\Desktop\Self Driving Car\IMG\center_2020_03_20_11_58_12_882.jpg,C:\Users\khair\Desktop\Self Driving Car\IMG\left_2020_03_20_11_58_12_882.jpg,C:\Users\khair\Desktop\Self Driving Car\IMG\right_2020_03_20_11_58_12_882.jpg,-0.5500001,0,0,9.69536
C:\Users\khair\Desktop\Self Driving Car\IMG\center_2020_03_20_11_58_12_955.jpg,C:\Users\khair\Desktop\Self Driving Car\IMG\left_2020_03_20_11_58_12_955.jpg,C:\Users\khair\Desktop\Self Driving Car\IMG\right_2020_03_20_11_58_12_955.jpg,-0.7500002,0,0,9.492141
C:\Users\khair\Desktop\Self Driving Car\IMG\center_2020_03_20_11_58_13_026.jpg,C:\Users\khair\Desktop\Self Driving Car\IMG\left_2020_03_20_11_58_13_026.jpg,C:\Users\khair\Desktop\Self Driving Car\IMG\right_2020_03_20_11_58_13_026.jpg,-0.9500002,0,0,9.273944
C:\Users\khair\Desktop\Self Driving Car\IMG\center_2020_03_20_11_58_13_098.jpg,C:\Users\khair\Desktop\Self Driving Car\IMG\left_2020_03_20_11_58_13_098.jpg,C:\Users\khair\Desktop\Self Driving Car\IMG\right_2020_03_20_11_58_13_098.jpg,-1,0,0,9.119222
C:\Users\khair\Desktop\Self Driving Car\IMG\center_2020_03_20_11_58_13_170.jpg,C:\Users\khair\Desktop\Self Driving Car\IMG\left_2020_03_20_11_58_13_170.jpg,C:\Users\khair\Desktop\Self Driving Car\IMG\right_2020_03_20_11_58_13_170.jpg,0,0,0,8.927361
C:\Users\khair\Desktop\Self Driving Car\IMG\center_2020_03_20_11_58_13_240.jpg,C:\Users\khair\Desktop\Self Driving Car\IMG\left_2020_03_20_11_58_13_240.jpg,C:\Users\khair\Desktop\Self Driving Car\IMG\right_2020_03_20_11_58_13_240.jpg,0,0,0,8.713733
C:\Users\khair\Desktop\Self Driving Car\IMG\center_2020_03_20_11_58_13_313.jpg,C:\Users\khair\Desktop\Self Driving Car\IMG\left_2020_03_20_11_58_13_313.jpg,C:\Users\khair\Desktop\Self Driving Car\IMG\right_2020_03_20_11_58_13_313.jpg,0,0,0,8.580016
C:\Users\khair\Desktop\Self Driving Car\IMG\center_2020_03_20_11_58_13_384.jpg,C:\Users\khair\Desktop\Self Driving Car\IMG\left_2020_03_20_11_58_13_384.jpg,C:\Users\khair\Desktop\Self Driving Car\IMG\right_2020_03_20_11_58_13_384.jpg,0,0,0,8.511712
C:\Users\khair\Desktop\Self Driving Car\IMG\center_2020_03_20_11_58_13_456.jpg,C:\Users\khair\Desktop\Self Driving Car\IMG\left_2020_03_20_11_58_13_456.jpg,C:\Users\khair\Desktop\Self Driving Car\IMG\right_2020_03_20_11_58_13_456.jpg,0,0,0,8.432819
C:\Users\khair\Desktop\Self Driving Car\IMG\center_2020_03_20_11_58_13_525.jpg,C:\Users\khair\Desktop\Self Driving Car\IMG\left_2020_03_20_11_58_13_525.jpg,C:\Users\khair\Desktop\Self Driving Car\IMG\right_2020_03_20_11_58_13_525.jpg,0.1,0,0,8.379245
C:\Users\khair\Desktop\Self Driving Car\IMG\center_2020_03_20_11_58_13_596.jpg,C:\Users\khair\Desktop\Self Driving Car\IMG\left_2020_03_20_11_58_13_596.jpg,C:\Users\khair\Desktop\Self Driving Car\IMG\right_2020_03_20_11_58_13_596.jpg,0.3,0,0,8.289137
C:\Users\khair\Desktop\Self Driving Car\IMG\center_2020_03_20_11_58_13_667.jpg,C:\Users\khair\Desktop\Self Driving Car\IMG\left_2020_03_20_11_58_13_667.jpg,C:\Users\khair\Desktop\Self Driving Car\IMG\right_2020_03_20_11_58_13_667.jpg,0,0,0,8.221491
C:\Users\khair\Desktop\Self Driving Car\IMG\center_2020_03_20_11_58_13_738.jpg,C:\Users\khair\Desktop\Self Driving Car\IMG\left_2020_03_20_11_58_13_738.jpg,C:\Users\khair\Desktop\Self Driving Car\IMG\right_2020_03_20_11_58_13_738.jpg,0,0,0,8.152553
C:\Users\khair\Desktop\Self Driving Car\IMG\center_2020_03_20_11_58_13_807.jpg,C:\Users\khair\Desktop\Self Driving Car\IMG\left_2020_03_20_11_58_13_807.jpg,C:\Users\khair\Desktop\Self Driving Car\IMG\right_2020_03_20_11_58_13_807.jpg,0,0,0,8.086791
C:\Users\khair\Desktop\Self Driving Car\IMG\center_2020_03_20_11_58_13_877.jpg,C:\Users\khair\Desktop\Self Driving Car\IMG\left_2020_03_20_11_58_13_877.jpg,C:\Users\khair\Desktop\Self Driving Car\IMG\right_2020_03_20_11_58_13_877.jpg,0,0,0,8.037975
C:\Users\khair\Desktop\Self Driving Car\IMG\center_2020_03_20_11_58_13_947.jpg,C:\Users\khair\Desktop\Self Driving Car\IMG\left_2020_03_20_11_58_13_947.jpg,C:\Users\khair\Desktop\Self Driving Car\IMG\right_2020_03_20_11_58_13_947.jpg,0,0,0,7.973371
C:\Users\khair\Desktop\Self Driving Car\IMG\center_2020_03_20_11_58_14_016.jpg,C:\Users\khair\Desktop\Self Driving Car\IMG\left_2020_03_20_11_58_14_016.jpg,C:\Users\khair\Desktop\Self Driving Car\IMG\right_2020_03_20_11_58_14_016.jpg,0,0,0,7.925261
C:\Users\khair\Desktop\Self Driving Car\IMG\center_2020_03_20_11_58_14_086.jpg,C:\Users\khair\Desktop\Self Driving Car\IMG\left_2020_03_20_11_58_14_086.jpg,C:\Users\khair\Desktop\Self Driving Car\IMG\right_2020_03_20_11_58_14_086.jpg,0,0,0,7.87744
C:\Users\khair\Desktop\Self Driving Car\IMG\center_2020_03_20_11_58_14_154.jpg,C:\Users\khair\Desktop\Self Driving Car\IMG\left_2020_03_20_11_58_14_154.jpg,C:\Users\khair\Desktop\Self Driving Car\IMG\right_2020_03_20_11_58_14_154.jpg,0,0.2426169,0,7.940792
C:\Users\khair\Desktop\Self Driving Car\IMG\center_2020_03_20_11_58_14_224.jpg,C:\Users\khair\Desktop\Self Driving Car\IMG\left_2020_03_20_11_58_14_224.jpg,C:\Users\khair\Desktop\Self Driving Car\IMG\right_2020_03_20_11_58_14_224.jpg,0,0.4115598,0,8.141273
C:\Users\khair\Desktop\Self Driving Car\IMG\center_2020_03_20_11_58_14_293.jpg,C:\Users\khair\Desktop\Self Driving Car\IMG\left_2020_03_20_11_58_14_293.jpg,C:\Users\khair\Desktop\Self Driving Car\IMG\right_2020_03_20_11_58_14_293.jpg,0,0.6561269,0,8.611545
C:\Users\khair\Desktop\Self Driving Car\IMG\center_2020_03_20_11_58_14_360.jpg,C:\Users\khair\Desktop\Self Driving Car\IMG\left_2020_03_20_11_58_14_360.jpg,C:\Users\khair\Desktop\Self Driving Car\IMG\right_2020_03_20_11_58_14_360.jpg,0,0.8263538,0,9.106804
C:\Users\khair\Desktop\Self Driving Car\IMG\center_2020_03_20_11_58_14_429.jpg,C:\Users\khair\Desktop\Self Driving Car\IMG\left_2020_03_20_11_58_14_429.jpg,C:\Users\khair\Desktop\Self Driving Car\IMG\right_2020_03_20_11_58_14_429.jpg,0,1,0,9.952333
C:\Users\khair\Desktop\Self Driving Car\IMG\center_2020_03_20_11_58_14_499.jpg,C:\Users\khair\Desktop\Self Driving Car\IMG\left_2020_03_20_11_58_14_499.jpg,C:\Users\khair\Desktop\Self Driving Car\IMG\right_2020_03_20_11_58_14_499.jpg,0,1,0,10.61829
C:\Users\khair\Desktop\Self Driving Car\IMG\center_2020_03_20_11_58_14_569.jpg,C:\Users\khair\Desktop\Self Driving Car\IMG\left_2020_03_20_11_58_14_569.jpg,C:\Users\khair\Desktop\Self Driving Car\IMG\right_2020_03_20_11_58_14_569.jpg,0,1,0,11.59955
C:\Users\khair\Desktop\Self Driving Car\IMG\center_2020_03_20_11_58_14_638.jpg,C:\Users\khair\Desktop\Self Driving Car\IMG\left_2020_03_20_11_58_14_638.jpg,C:\Users\khair\Desktop\Self Driving Car\IMG\right_2020_03_20_11_58_14_638.jpg,0.05,1,0,11.91178
C:\Users\khair\Desktop\Self Driving Car\IMG\center_2020_03_20_11_58_14_707.jpg,C:\Users\khair\Desktop\Self Driving Car\IMG\left_2020_03_20_11_58_14_707.jpg,C:\Users\khair\Desktop\Self Driving Car\IMG\right_2020_03_20_11_58_14_707.jpg,0.25,0.7927474,0,12.91035
C:\Users\khair\Desktop\Self Driving Car\IMG\center_2020_03_20_11_58_14_776.jpg,C:\Users\khair\Desktop\Self Driving Car\IMG\left_2020_03_20_11_58_14_776.jpg,C:\Users\khair\Desktop\Self Driving Car\IMG\right_2020_03_20_11_58_14_776.jpg,0.4,0.5862899,0,13.43202
C:\Users\khair\Desktop\Self Driving Car\IMG\center_2020_03_20_11_58_14_845.jpg,C:\Users\khair\Desktop\Self Driving Car\IMG\left_2020_03_20_11_58_14_845.jpg,C:\Users\khair\Desktop\Self Driving Car\IMG\right_2020_03_20_11_58_14_845.jpg,0.5500001,0.412646,0,13.32443
C:\Users\khair\Desktop\Self Driving Car\IMG\center_2020_03_20_11_58_14_915.jpg,C:\Users\khair\Desktop\Self Driving Car\IMG\left_2020_03_20_11_58_14_915.jpg,C:\Users\khair\Desktop\Self Driving Car\IMG\right_2020_03_20_11_58_14_915.jpg,0,0.1706975,0,13.3939
C:\Users\khair\Desktop\Self Driving Car\IMG\center_2020_03_20_11_58_14_984.jpg,C:\Users\khair\Desktop\Self Driving Car\IMG\left_2020_03_20_11_58_14_984.jpg,C:\Users\khair\Desktop\Self Driving Car\IMG\right_2020_03_20_11_58_14_984.jpg,0,0,0,13.69851
C:\Users\khair\Desktop\Self Driving Car\IMG\center_2020_03_20_11_58_15_055.jpg,C:\Users\khair\Desktop\Self Driving Car\IMG\left_2020_03_20_11_58_15_055.jpg,C:\Users\khair\Desktop\Self Driving Car\IMG\right_2020_03_20_11_58_15_055.jpg,0,0,0,13.60146
C:\Users\khair\Desktop\Self Driving Car\IMG\center_2020_03_20_11_58_15_124.jpg,C:\Users\khair\Desktop\Self Driving Car\IMG\left_2020_03_20_11_58_15_124.jpg,C:\Users\khair\Desktop\Self Driving Car\IMG\right_2020_03_20_11_58_15_124.jpg,0.15,0,0,13.0229
C:\Users\khair\Desktop\Self Driving Car\IMG\center_2020_03_20_11_58_15_195.jpg,C:\Users\khair\Desktop\Self Driving Car\IMG\left_2020_03_20_11_58_15_195.jpg,C:\Users\khair\Desktop\Self Driving Car\IMG\right_2020_03_20_11_58_15_195.jpg,0.35,0,0,12.82785
C:\Users\khair\Desktop\Self Driving Car\IMG\center_2020_03_20_11_58_15_265.jpg,C:\Users\khair\Desktop\Self Driving Car\IMG\left_2020_03_20_11_58_15_265.jpg,C:\Users\khair\Desktop\Self Driving Car\IMG\right_2020_03_20_11_58_15_265.jpg,0.5000001,0,0,13.23866
C:\Users\khair\Desktop\Self Driving Car\IMG\center_2020_03_20_11_58_15_338.jpg,C:\Users\khair\Desktop\Self Driving Car\IMG\left_2020_03_20_11_58_15_338.jpg,C:\Users\khair\Desktop\Self Driving Car\IMG\right_2020_03_20_11_58_15_338.jpg,0.7,0,0,13.03427
C:\Users\khair\Desktop\Self Driving Car\IMG\center_2020_03_20_11_58_15_407.jpg,C:\Users\khair\Desktop\Self Driving Car\IMG\left_2020_03_20_11_58_15_407.jpg,C:\Users\khair\Desktop\Self Driving Car\IMG\right_2020_03_20_11_58_15_407.jpg,0.9000002,0,0,12.79623
C:\Users\khair\Desktop\Self Driving Car\IMG\center_2020_03_20_11_58_15_478.jpg,C:\Users\khair\Desktop\Self Driving Car\IMG\left_2020_03_20_11_58_15_478.jpg,C:\Users\khair\Desktop\Self Driving Car\IMG\right_2020_03_20_11_58_15_478.jpg,1,0,0,12.13769
C:\Users\khair\Desktop\Self Driving Car\IMG\center_2020_03_20_11_58_15_552.jpg,C:\Users\khair\Desktop\Self Driving Car\IMG\left_2020_03_20_11_58_15_552.jpg,C:\Users\khair\Desktop\Self Driving Car\IMG\right_2020_03_20_11_58_15_552.jpg,1,0,0,12.07695
C:\Users\khair\Desktop\Self Driving Car\IMG\center_2020_03_20_11_58_15_623.jpg,C:\Users\khair\Desktop\Self Driving Car\IMG\left_2020_03_20_11_58_15_623.jpg,C:\Users\khair\Desktop\Self Driving Car\IMG\right_2020_03_20_11_58_15_623.jpg,1,0,0,12.24331
C:\Users\khair\Desktop\Self Driving Car\IMG\center_2020_03_20_11_58_15_695.jpg,C:\Users\khair\Desktop\Self Driving Car\IMG\left_2020_03_20_11_58_15_695.jpg,C:\Users\khair\Desktop\Self Driving Car\IMG\right_2020_03_20_11_58_15_695.jpg,0,0,0,11.91652
C:\Users\khair\Desktop\Self Driving Car\IMG\center_2020_03_20_11_58_15_767.jpg,C:\Users\khair\Desktop\Self Driving Car\IMG\left_2020_03_20_11_58_15_767.jpg,C:\Users\khair\Desktop\Self Driving Car\IMG\right_2020_03_20_11_58_15_767.jpg,0,0,0,11.74521
C:\Users\khair\Desktop\Self Driving Car\IMG\center_2020_03_20_11_58_15_839.jpg,C:\Users\khair\Desktop\Self Driving Car\IMG\left_2020_03_20_11_58_15_839.jpg,C:\Users\khair\Desktop\Self Driving Car\IMG\right_2020_03_20_11_58_15_839.jpg,0,0,0,11.42214
C:\Users\khair\Desktop\Self Driving Car\IMG\center_2020_03_20_11_58_15_913.jpg,C:\Users\khair\Desktop\Self Driving Car\IMG\left_2020_03_20_11_58_15_913.jpg,C:\Users\khair\Desktop\Self Driving Car\IMG\right_2020_03_20_11_58_15_913.jpg,0,0,0,11.35242
C:\Users\khair\Desktop\Self Driving Car\IMG\center_2020_03_20_11_58_15_985.jpg,C:\Users\khair\Desktop\Self Driving Car\IMG\left_2020_03_20_11_58_15_985.jpg,C:\Users\khair\Desktop\Self Driving Car\IMG\right_2020_03_20_11_58_15_985.jpg,0,0,0,11.41272
C:\Users\khair\Desktop\Self Driving Car\IMG\center_2020_03_20_11_58_16_058.jpg,C:\Users\khair\Desktop\Self Driving Car\IMG\left_2020_03_20_11_58_16_058.jpg,C:\Users\khair\Desktop\Self Driving Car\IMG\right_2020_03_20_11_58_16_058.jpg,0.05,0.1800327,0,11.23074
C:\Users\khair\Desktop\Self Driving Car\IMG\center_2020_03_20_11_58_16_131.jpg,C:\Users\khair\Desktop\Self Driving Car\IMG\left_2020_03_20_11_58_16_131.jpg,C:\Users\khair\Desktop\Self Driving Car\IMG\right_2020_03_20_11_58_16_131.jpg,0.25,0.3999048,0,11.65262
C:\Users\khair\Desktop\Self Driving Car\IMG\center_2020_03_20_11_58_16_204.jpg,C:\Users\khair\Desktop\Self Driving Car\IMG\left_2020_03_20_11_58_16_204.jpg,C:\Users\khair\Desktop\Self Driving Car\IMG\right_2020_03_20_11_58_16_204.jpg,0.4,0.5808711,0,11.49381
C:\Users\khair\Desktop\Self Driving Car\IMG\center_2020_03_20_11_58_16_275.jpg,C:\Users\khair\Desktop\Self Driving Car\IMG\left_2020_03_20_11_58_16_275.jpg,C:\Users\khair\Desktop\Self Driving Car\IMG\right_2020_03_20_11_58_16_275.jpg,0.6000001,0.6165846,0,12.28453
C:\Users\khair\Desktop\Self Driving Car\IMG\center_2020_03_20_11_58_16_350.jpg,C:\Users\khair\Desktop\Self Driving Car\IMG\left_2020_03_20_11_58_16_350.jpg,C:\Users\khair\Desktop\Self Driving Car\IMG\right_2020_03_20_11_58_16_350.jpg,0.8000001,0.3965568,0,12.63902
C:\Users\khair\Desktop\Self Driving Car\IMG\center_2020_03_20_11_58_16_421.jpg,C:\Users\khair\Desktop\Self Driving Car\IMG\left_2020_03_20_11_58_16_421.jpg,C:\Users\khair\Desktop\Self Driving Car\IMG\right_2020_03_20_11_58_16_421.jpg,0.9500002,0.2167722,0,12.40732
C:\Users\khair\Desktop\Self Driving Car\IMG\center_2020_03_20_11_58_16_494.jpg,C:\Users\khair\Desktop\Self Driving Car\IMG\left_2020_03_20_11_58_16_494.jpg,C:\Users\khair\Desktop\Self Driving Car\IMG\right_2020_03_20_11_58_16_494.jpg,0,0,0,12.28663
C:\Users\khair\Desktop\Self Driving Car\IMG\center_2020_03_20_11_58_16_569.jpg,C:\Users\khair\Desktop\Self Driving Car\IMG\left_2020_03_20_11_58_16_569.jpg,C:\Users\khair\Desktop\Self Driving Car\IMG\right_2020_03_20_11_58_16_569.jpg,0,0,0,12.12505
C:\Users\khair\Desktop\Self Driving Car\IMG\center_2020_03_20_11_58_16_643.jpg,C:\Users\khair\Desktop\Self Driving Car\IMG\left_2020_03_20_11_58_16_643.jpg,C:\Users\khair\Desktop\Self Driving Car\IMG\right_2020_03_20_11_58_16_643.jpg,0.1,0,0,12.36273
C:\Users\khair\Desktop\Self Driving Car\IMG\center_2020_03_20_11_58_16_718.jpg,C:\Users\khair\Desktop\Self Driving Car\IMG\left_2020_03_20_11_58_16_718.jpg,C:\Users\khair\Desktop\Self Driving Car\IMG\right_2020_03_20_11_58_16_718.jpg,0.3,0.1873341,0,12.22063
C:\Users\khair\Desktop\Self Driving Car\IMG\center_2020_03_20_11_58_16_792.jpg,C:\Users\khair\Desktop\Self Driving Car\IMG\left_2020_03_20_11_58_16_792.jpg,C:\Users\khair\Desktop\Self Driving Car\IMG\right_2020_03_20_11_58_16_792.jpg,0.5000001,0.4112724,0,12.33162
C:\Users\khair\Desktop\Self Driving Car\IMG\center_2020_03_20_11_58_16_868.jpg,C:\Users\khair\Desktop\Self Driving Car\IMG\left_2020_03_20_11_58_16_868.jpg,C:\Users\khair\Desktop\Self Driving Car\IMG\right_2020_03_20_11_58_16_868.jpg,0.7,0.6375153,0,12.44738
C:\Users\khair\Desktop\Self Driving Car\IMG\center_2020_03_20_11_58_16_943.jpg,C:\Users\khair\Desktop\Self Driving Car\IMG\left_2020_03_20_11_58_16_943.jpg,C:\Users\khair\Desktop\Self Driving Car\IMG\right_2020_03_20_11_58_16_943.jpg,0.8500001,0.8244972,0,13.01262
C:\Users\khair\Desktop\Self Driving Car\IMG\center_2020_03_20_11_58_17_019.jpg,C:\Users\khair\Desktop\Self Driving Car\IMG\left_2020_03_20_11_58_17_019.jpg,C:\Users\khair\Desktop\Self Driving Car\IMG\right_2020_03_20_11_58_17_019.jpg,0,0.8613393,0,13.5522
C:\Users\khair\Desktop\Self Driving Car\IMG\center_2020_03_20_11_58_17_093.jpg,C:\Users\khair\Desktop\Self Driving Car\IMG\left_2020_03_20_11_58_17_093.jpg,C:\Users\khair\Desktop\Self Driving Car\IMG\right_2020_03_20_11_58_17_093.jpg,0,0.6354082,0,13.96911
C:\Users\khair\Desktop\Self Driving Car\IMG\center_2020_03_20_11_58_17_169.jpg,C:\Users\khair\Desktop\Self Driving Car\IMG\left_2020_03_20_11_58_17_169.jpg,C:\Users\khair\Desktop\Self Driving Car\IMG\right_2020_03_20_11_58_17_169.jpg,0,0.4096123,0,14.30007
C:\Users\khair\Desktop\Self Driving Car\IMG\center_2020_03_20_11_58_17_242.jpg,C:\Users\khair\Desktop\Self Driving Car\IMG\left_2020_03_20_11_58_17_242.jpg,C:\Users\khair\Desktop\Self Driving Car\IMG\right_2020_03_20_11_58_17_242.jpg,0,0.2249752,0,14.79276
C:\Users\khair\Desktop\Self Driving Car\IMG\center_2020_03_20_11_58_17_318.jpg,C:\Users\khair\Desktop\Self Driving Car\IMG\left_2020_03_20_11_58_17_318.jpg,C:\Users\khair\Desktop\Self Driving Car\IMG\right_2020_03_20_11_58_17_318.jpg,0.2,0.1149079,0,14.83011
C:\Users\khair\Desktop\Self Driving Car\IMG\center_2020_03_20_11_58_17_391.jpg,C:\Users\khair\Desktop\Self Driving Car\IMG\left_2020_03_20_11_58_17_391.jpg,C:\Users\khair\Desktop\Self Driving Car\IMG\right_2020_03_20_11_58_17_391.jpg,0.4,0.3370618,0,14.81739
C:\Users\khair\Desktop\Self Driving Car\IMG\center_2020_03_20_11_58_17_465.jpg,C:\Users\khair\Desktop\Self Driving Car\IMG\left_2020_03_20_11_58_17_465.jpg,C:\Users\khair\Desktop\Self Driving Car\IMG\right_2020_03_20_11_58_17_465.jpg,0.5500001,0.5263291,0,14.60668
C:\Users\khair\Desktop\Self Driving Car\IMG\center_2020_03_20_11_58_17_541.jpg,C:\Users\khair\Desktop\Self Driving Car\IMG\left_2020_03_20_11_58_17_541.jpg,C:\Users\khair\Desktop\Self Driving Car\IMG\right_2020_03_20_11_58_17_541.jpg,0.7500002,0.7495558,0,15.07288
C:\Users\khair\Desktop\Self Driving Car\IMG\center_2020_03_20_11_58_17_617.jpg,C:\Users\khair\Desktop\Self Driving Car\IMG\left_2020_03_20_11_58_17_617.jpg,C:\Users\khair\Desktop\Self Driving Car\IMG\right_2020_03_20_11_58_17_617.jpg,0.9500002,0.9385489,0,15.77
C:\Users\khair\Desktop\Self Driving Car\IMG\center_2020_03_20_11_58_17_691.jpg,C:\Users\khair\Desktop\Self Driving Car\IMG\left_2020_03_20_11_58_17_691.jpg,C:\Users\khair\Desktop\Self Driving Car\IMG\right_2020_03_20_11_58_17_691.jpg,1,0.7144432,0,16.29205
C:\Users\khair\Desktop\Self Driving Car\IMG\center_2020_03_20_11_58_17_767.jpg,C:\Users\khair\Desktop\Self Driving Car\IMG\left_2020_03_20_11_58_17_767.jpg,C:\Users\khair\Desktop\Self Driving Car\IMG\right_2020_03_20_11_58_17_767.jpg,0,0.4886305,0,16.53255
C:\Users\khair\Desktop\Self Driving Car\IMG\center_2020_03_20_11_58_17_842.jpg,C:\Users\khair\Desktop\Self Driving Car\IMG\left_2020_03_20_11_58_17_842.jpg,C:\Users\khair\Desktop\Self Driving Car\IMG\right_2020_03_20_11_58_17_842.jpg,0,0.3012652,0,16.58727
C:\Users\khair\Desktop\Self Driving Car\IMG\center_2020_03_20_11_58_17_917.jpg,C:\Users\khair\Desktop\Self Driving Car\IMG\left_2020_03_20_11_58_17_917.jpg,C:\Users\khair\Desktop\Self Driving Car\IMG\right_2020_03_20_11_58_17_917.jpg,0,0.03925987,0,16.51107
C:\Users\khair\Desktop\Self Driving Car\IMG\center_2020_03_20_11_58_17_990.jpg,C:\Users\khair\Desktop\Self Driving Car\IMG\left_2020_03_20_11_58_17_990.jpg,C:\Users\khair\Desktop\Self Driving Car\IMG\right_2020_03_20_11_58_17_990.jpg,0,0,0,16.35243
C:\Users\khair\Desktop\Self Driving Car\IMG\center_2020_03_20_11_58_18_065.jpg,C:\Users\khair\Desktop\Self Driving Car\IMG\left_2020_03_20_11_58_18_065.jpg,C:\Users\khair\Desktop\Self Driving Car\IMG\right_2020_03_20_11_58_18_065.jpg,0,0,0,16.53965
C:\Users\khair\Desktop\Self Driving Car\IMG\center_2020_03_20_11_58_18_140.jpg,C:\Users\khair\Desktop\Self Driving Car\IMG\left_2020_03_20_11_58_18_140.jpg,C:\Users\khair\Desktop\Self Driving Car\IMG\right_2020_03_20_11_58_18_140.jpg,0,0.0367959,0,16.40742
C:\Users\khair\Desktop\Self Driving Car\IMG\center_2020_03_20_11_58_18_215.jpg,C:\Users\khair\Desktop\Self Driving Car\IMG\left_2020_03_20_11_58_18_215.jpg,C:\Users\khair\Desktop\Self Driving Car\IMG\right_2020_03_20_11_58_18_215.jpg,0.2,0.2965707,0,16.38874
C:\Users\khair\Desktop\Self Driving Car\IMG\center_2020_03_20_11_58_18_288.jpg,C:\Users\khair\Desktop\Self Driving Car\IMG\left_2020_03_20_11_58_18_288.jpg,C:\Users\khair\Desktop\Self Driving Car\IMG\right_2020_03_20_11_58_18_288.jpg,0.4,0.5188077,0,16.58705
C:\Users\khair\Desktop\Self Driving Car\IMG\center_2020_03_20_11_58_18_363.jpg,C:\Users\khair\Desktop\Self Driving Car\IMG\left_2020_03_20_11_58_18_363.jpg,C:\Users\khair\Desktop\Self Driving Car\IMG\right_2020_03_20_11_58_18_363.jpg,0.5500001,0.7065704,0,16.68423
C:\Users\khair\Desktop\Self Driving Car\IMG\center_2020_03_20_11_58_18_438.jpg,C:\Users\khair\Desktop\Self Driving Car\IMG\left_2020_03_20_11_58_18_438.jpg,C:\Users\khair\Desktop\Self Driving Car\IMG\right_2020_03_20_11_58_18_438.jpg,0.7500002,0.8155262,0,17.2667
C:\Users\khair\Desktop\Self Driving Car\IMG\center_2020_03_20_11_58_18_511.jpg,C:\Users\khair\Desktop\Self Driving Car\IMG\left_2020_03_20_11_58_18_511.jpg,C:\Users\khair\Desktop\Self Driving Car\IMG\right_2020_03_20_11_58_18_511.jpg,0,0.5920607,0,17.73752
C:\Users\khair\Desktop\Self Driving Car\IMG\center_2020_03_20_11_58_18_587.jpg,C:\Users\khair\Desktop\Self Driving Car\IMG\left_2020_03_20_11_58_18_587.jpg,C:\Users\khair\Desktop\Self Driving Car\IMG\right_2020_03_20_11_58_18_587.jpg,0,0.3656541,0,17.95334
C:\Users\khair\Desktop\Self Driving Car\IMG\center_2020_03_20_11_58_18_661.jpg,C:\Users\khair\Desktop\Self Driving Car\IMG\left_2020_03_20_11_58_18_661.jpg,C:\Users\khair\Desktop\Self Driving Car\IMG\right_2020_03_20_11_58_18_661.jpg,0,0.1806485,0,18.27802
C:\Users\khair\Desktop\Self Driving Car\IMG\center_2020_03_20_11_58_18_736.jpg,C:\Users\khair\Desktop\Self Driving Car\IMG\left_2020_03_20_11_58_18_736.jpg,C:\Users\khair\Desktop\Self Driving Car\IMG\right_2020_03_20_11_58_18_736.jpg,0,0,0,18.22342
C:\Users\khair\Desktop\Self Driving Car\IMG\center_2020_03_20_11_58_18_811.jpg,C:\Users\khair\Desktop\Self Driving Car\IMG\left_2020_03_20_11_58_18_811.jpg,C:\Users\khair\Desktop\Self Driving Car\IMG\right_2020_03_20_11_58_18_811.jpg,0,0,0,18.10896
C:\Users\khair\Desktop\Self Driving Car\IMG\center_2020_03_20_11_58_18_886.jpg,C:\Users\khair\Desktop\Self Driving Car\IMG\left_2020_03_20_11_58_18_886.jpg,C:\Users\khair\Desktop\Self Driving Car\IMG\right_2020_03_20_11_58_18_886.jpg,0,0,0,17.52992
C:\Users\khair\Desktop\Self Driving Car\IMG\center_2020_03_20_11_58_18_961.jpg,C:\Users\khair\Desktop\Self Driving Car\IMG\left_2020_03_20_11_58_18_961.jpg,C:\Users\khair\Desktop\Self Driving Car\IMG\right_2020_03_20_11_58_18_961.jpg,0,0,0,17.36839
C:\Users\khair\Desktop\Self Driving Car\IMG\center_2020_03_20_11_58_19_035.jpg,C:\Users\khair\Desktop\Self Driving Car\IMG\left_2020_03_20_11_58_19_035.jpg,C:\Users\khair\Desktop\Self Driving Car\IMG\right_2020_03_20_11_58_19_035.jpg,0.15,0,0,17.22479
C:\Users\khair\Desktop\Self Driving Car\IMG\center_2020_03_20_11_58_19_110.jpg,C:\Users\khair\Desktop\Self Driving Car\IMG\left_2020_03_20_11_58_19_110.jpg,C:\Users\khair\Desktop\Self Driving Car\IMG\right_2020_03_20_11_58_19_110.jpg,0.35,0,0,17.04722
C:\Users\khair\Desktop\Self Driving Car\IMG\center_2020_03_20_11_58_19_185.jpg,C:\Users\khair\Desktop\Self Driving Car\IMG\left_2020_03_20_11_58_19_185.jpg,C:\Users\khair\Desktop\Self Driving Car\IMG\right_2020_03_20_11_58_19_185.jpg,0,0,0,17.38614
C:\Users\khair\Desktop\Self Driving Car\IMG\center_2020_03_20_11_58_19_258.jpg,C:\Users\khair\Desktop\Self Driving Car\IMG\left_2020_03_20_11_58_19_258.jpg,C:\Users\khair\Desktop\Self Driving Car\IMG\right_2020_03_20_11_58_19_258.jpg,0,0,0,17.25436
C:\Users\khair\Desktop\Self Driving Car\IMG\center_2020_03_20_11_58_19_335.jpg,C:\Users\khair\Desktop\Self Driving Car\IMG\left_2020_03_20_11_58_19_335.jpg,C:\Users\khair\Desktop\Self Driving Car\IMG\right_2020_03_20_11_58_19_335.jpg,0,0,0,17.11691
C:\Users\khair\Desktop\Self Driving Car\IMG\center_2020_03_20_11_58_19_407.jpg,C:\Users\khair\Desktop\Self Driving Car\IMG\left_2020_03_20_11_58_19_407.jpg,C:\Users\khair\Desktop\Self Driving Car\IMG\right_2020_03_20_11_58_19_407.jpg,0,0,0,16.98007
C:\Users\khair\Desktop\Self Driving Car\IMG\center_2020_03_20_11_58_19_482.jpg,C:\Users\khair\Desktop\Self Driving Car\IMG\left_2020_03_20_11_58_19_482.jpg,C:\Users\khair\Desktop\Self Driving Car\IMG\right_2020_03_20_11_58_19_482.jpg,0,0,0,16.33412
